,Country 1,Country 2,Similarity
0,Austria,Belgium,0.04965793819297004
1,Austria,Bulgaria,0.04965793819297004
2,Austria,Croatia,0.04965793819297004
3,Austria,Cyprus,0.04965793819297004
4,Austria,Czech Republic,0.04965793819297004
5,Austria,Denmark,0.04965793819297004
6,Austria,Estonia,0.04965793819297004
7,Austria,Finland,0.04965793819297004
8,Austria,France,0.04965793819297004
9,Austria,Germany,0.04965793819297004
10,Austria,Greece,0.04965793819297004
11,Austria,Hungary,0.04965793819297004
12,Austria,Ireland,0.04965793819297004
13,Austria,Italy,0.04965793819297004
14,Austria,Latvia,0.04965793819297004
15,Austria,Lithuania,0.04965793819297004
16,Austria,Luxembourg,0.04965793819297004
17,Austria,Malta,0.04965793819297004
18,Austria,Netherlands,0.04965793819297004
19,Austria,Poland,0.04965793819297004
20,Austria,Portugal,0.04965793819297004
21,Austria,Romania,0.04965793819297004
22,Austria,Slovakia,0.04965793819297004
23,Austria,Slovenia,0.04965793819297004
24,Austria,Spain,0.04965793819297004
25,Austria,Sweden,0.04965793819297004
26,Austria,United Kingdom,0.04965793819297004
27,Austria,Iceland,0.04965793819297004
28,Austria,Lichtenstein,0.04965793819297004
29,Austria,Norway,0.04965793819297004
30,Austria,China,0.0018479201069434615
31,Austria,India,0.0
32,Austria,Iraq,0.0
33,Austria,Pakistan,0.0
34,Austria,Russia,0.0
35,Austria,Saudi Arabia,0.0
36,Austria,United Arab Emirates,0.00011795234725171031
37,Belgium,Austria,0.04965793819297004
38,Belgium,Bulgaria,0.04965793819297004
39,Belgium,Croatia,0.04965793819297004
40,Belgium,Cyprus,0.04965793819297004
41,Belgium,Czech Republic,0.04965793819297004
42,Belgium,Denmark,0.04965793819297004
43,Belgium,Estonia,0.04965793819297004
44,Belgium,Finland,0.04965793819297004
45,Belgium,France,0.04965793819297004
46,Belgium,Germany,0.04965793819297004
47,Belgium,Greece,0.04965793819297004
48,Belgium,Hungary,0.04965793819297004
49,Belgium,Ireland,0.04965793819297004
50,Belgium,Italy,0.04965793819297004
51,Belgium,Latvia,0.04965793819297004
52,Belgium,Lithuania,0.04965793819297004
53,Belgium,Luxembourg,0.04965793819297004
54,Belgium,Malta,0.04965793819297004
55,Belgium,Netherlands,0.04965793819297004
56,Belgium,Poland,0.04965793819297004
57,Belgium,Portugal,0.04965793819297004
58,Belgium,Romania,0.04965793819297004
59,Belgium,Slovakia,0.04965793819297004
60,Belgium,Slovenia,0.04965793819297004
61,Belgium,Spain,0.04965793819297004
62,Belgium,Sweden,0.04965793819297004
63,Belgium,United Kingdom,0.04965793819297004
64,Belgium,Iceland,0.04965793819297004
65,Belgium,Lichtenstein,0.04965793819297004
66,Belgium,Norway,0.04965793819297004
67,Belgium,China,0.0018479201069434615
68,Belgium,India,0.0
69,Belgium,Iraq,0.0
70,Belgium,Pakistan,0.0
71,Belgium,Russia,0.0
72,Belgium,Saudi Arabia,0.0
73,Belgium,United Arab Emirates,0.00011795234725171031
74,Bulgaria,Austria,0.04965793819297004
75,Bulgaria,Belgium,0.04965793819297004
76,Bulgaria,Croatia,0.04965793819297004
77,Bulgaria,Cyprus,0.04965793819297004
78,Bulgaria,Czech Republic,0.04965793819297004
79,Bulgaria,Denmark,0.04965793819297004
80,Bulgaria,Estonia,0.04965793819297004
81,Bulgaria,Finland,0.04965793819297004
82,Bulgaria,France,0.04965793819297004
83,Bulgaria,Germany,0.04965793819297004
84,Bulgaria,Greece,0.04965793819297004
85,Bulgaria,Hungary,0.04965793819297004
86,Bulgaria,Ireland,0.04965793819297004
87,Bulgaria,Italy,0.04965793819297004
88,Bulgaria,Latvia,0.04965793819297004
89,Bulgaria,Lithuania,0.04965793819297004
90,Bulgaria,Luxembourg,0.04965793819297004
91,Bulgaria,Malta,0.04965793819297004
92,Bulgaria,Netherlands,0.04965793819297004
93,Bulgaria,Poland,0.04965793819297004
94,Bulgaria,Portugal,0.04965793819297004
95,Bulgaria,Romania,0.04965793819297004
96,Bulgaria,Slovakia,0.04965793819297004
97,Bulgaria,Slovenia,0.04965793819297004
98,Bulgaria,Spain,0.04965793819297004
99,Bulgaria,Sweden,0.04965793819297004
100,Bulgaria,United Kingdom,0.04965793819297004
101,Bulgaria,Iceland,0.04965793819297004
102,Bulgaria,Lichtenstein,0.04965793819297004
103,Bulgaria,Norway,0.04965793819297004
104,Bulgaria,China,0.0018479201069434615
105,Bulgaria,India,0.0
106,Bulgaria,Iraq,0.0
107,Bulgaria,Pakistan,0.0
108,Bulgaria,Russia,0.0
109,Bulgaria,Saudi Arabia,0.0
110,Bulgaria,United Arab Emirates,0.00011795234725171031
111,Croatia,Austria,0.04965793819297004
112,Croatia,Belgium,0.04965793819297004
113,Croatia,Bulgaria,0.04965793819297004
114,Croatia,Cyprus,0.04965793819297004
115,Croatia,Czech Republic,0.04965793819297004
116,Croatia,Denmark,0.04965793819297004
117,Croatia,Estonia,0.04965793819297004
118,Croatia,Finland,0.04965793819297004
119,Croatia,France,0.04965793819297004
120,Croatia,Germany,0.04965793819297004
121,Croatia,Greece,0.04965793819297004
122,Croatia,Hungary,0.04965793819297004
123,Croatia,Ireland,0.04965793819297004
124,Croatia,Italy,0.04965793819297004
125,Croatia,Latvia,0.04965793819297004
126,Croatia,Lithuania,0.04965793819297004
127,Croatia,Luxembourg,0.04965793819297004
128,Croatia,Malta,0.04965793819297004
129,Croatia,Netherlands,0.04965793819297004
130,Croatia,Poland,0.04965793819297004
131,Croatia,Portugal,0.04965793819297004
132,Croatia,Romania,0.04965793819297004
133,Croatia,Slovakia,0.04965793819297004
134,Croatia,Slovenia,0.04965793819297004
135,Croatia,Spain,0.04965793819297004
136,Croatia,Sweden,0.04965793819297004
137,Croatia,United Kingdom,0.04965793819297004
138,Croatia,Iceland,0.04965793819297004
139,Croatia,Lichtenstein,0.04965793819297004
140,Croatia,Norway,0.04965793819297004
141,Croatia,China,0.0018479201069434615
142,Croatia,India,0.0
143,Croatia,Iraq,0.0
144,Croatia,Pakistan,0.0
145,Croatia,Russia,0.0
146,Croatia,Saudi Arabia,0.0
147,Croatia,United Arab Emirates,0.00011795234725171031
148,Cyprus,Austria,0.04965793819297004
149,Cyprus,Belgium,0.04965793819297004
150,Cyprus,Bulgaria,0.04965793819297004
151,Cyprus,Croatia,0.04965793819297004
152,Cyprus,Czech Republic,0.04965793819297004
153,Cyprus,Denmark,0.04965793819297004
154,Cyprus,Estonia,0.04965793819297004
155,Cyprus,Finland,0.04965793819297004
156,Cyprus,France,0.04965793819297004
157,Cyprus,Germany,0.04965793819297004
158,Cyprus,Greece,0.04965793819297004
159,Cyprus,Hungary,0.04965793819297004
160,Cyprus,Ireland,0.04965793819297004
161,Cyprus,Italy,0.04965793819297004
162,Cyprus,Latvia,0.04965793819297004
163,Cyprus,Lithuania,0.04965793819297004
164,Cyprus,Luxembourg,0.04965793819297004
165,Cyprus,Malta,0.04965793819297004
166,Cyprus,Netherlands,0.04965793819297004
167,Cyprus,Poland,0.04965793819297004
168,Cyprus,Portugal,0.04965793819297004
169,Cyprus,Romania,0.04965793819297004
170,Cyprus,Slovakia,0.04965793819297004
171,Cyprus,Slovenia,0.04965793819297004
172,Cyprus,Spain,0.04965793819297004
173,Cyprus,Sweden,0.04965793819297004
174,Cyprus,United Kingdom,0.04965793819297004
175,Cyprus,Iceland,0.04965793819297004
176,Cyprus,Lichtenstein,0.04965793819297004
177,Cyprus,Norway,0.04965793819297004
178,Cyprus,China,0.0018479201069434615
179,Cyprus,India,0.0
180,Cyprus,Iraq,0.0
181,Cyprus,Pakistan,0.0
182,Cyprus,Russia,0.0
183,Cyprus,Saudi Arabia,0.0
184,Cyprus,United Arab Emirates,0.00011795234725171031
185,Czech Republic,Austria,0.04965793819297004
186,Czech Republic,Belgium,0.04965793819297004
187,Czech Republic,Bulgaria,0.04965793819297004
188,Czech Republic,Croatia,0.04965793819297004
189,Czech Republic,Cyprus,0.04965793819297004
190,Czech Republic,Denmark,0.04965793819297004
191,Czech Republic,Estonia,0.04965793819297004
192,Czech Republic,Finland,0.04965793819297004
193,Czech Republic,France,0.04965793819297004
194,Czech Republic,Germany,0.04965793819297004
195,Czech Republic,Greece,0.04965793819297004
196,Czech Republic,Hungary,0.04965793819297004
197,Czech Republic,Ireland,0.04965793819297004
198,Czech Republic,Italy,0.04965793819297004
199,Czech Republic,Latvia,0.04965793819297004
200,Czech Republic,Lithuania,0.04965793819297004
201,Czech Republic,Luxembourg,0.04965793819297004
202,Czech Republic,Malta,0.04965793819297004
203,Czech Republic,Netherlands,0.04965793819297004
204,Czech Republic,Poland,0.04965793819297004
205,Czech Republic,Portugal,0.04965793819297004
206,Czech Republic,Romania,0.04965793819297004
207,Czech Republic,Slovakia,0.04965793819297004
208,Czech Republic,Slovenia,0.04965793819297004
209,Czech Republic,Spain,0.04965793819297004
210,Czech Republic,Sweden,0.04965793819297004
211,Czech Republic,United Kingdom,0.04965793819297004
212,Czech Republic,Iceland,0.04965793819297004
213,Czech Republic,Lichtenstein,0.04965793819297004
214,Czech Republic,Norway,0.04965793819297004
215,Czech Republic,China,0.0018479201069434615
216,Czech Republic,India,0.0
217,Czech Republic,Iraq,0.0
218,Czech Republic,Pakistan,0.0
219,Czech Republic,Russia,0.0
220,Czech Republic,Saudi Arabia,0.0
221,Czech Republic,United Arab Emirates,0.00011795234725171031
222,Denmark,Austria,0.04965793819297004
223,Denmark,Belgium,0.04965793819297004
224,Denmark,Bulgaria,0.04965793819297004
225,Denmark,Croatia,0.04965793819297004
226,Denmark,Cyprus,0.04965793819297004
227,Denmark,Czech Republic,0.04965793819297004
228,Denmark,Estonia,0.04965793819297004
229,Denmark,Finland,0.04965793819297004
230,Denmark,France,0.04965793819297004
231,Denmark,Germany,0.04965793819297004
232,Denmark,Greece,0.04965793819297004
233,Denmark,Hungary,0.04965793819297004
234,Denmark,Ireland,0.04965793819297004
235,Denmark,Italy,0.04965793819297004
236,Denmark,Latvia,0.04965793819297004
237,Denmark,Lithuania,0.04965793819297004
238,Denmark,Luxembourg,0.04965793819297004
239,Denmark,Malta,0.04965793819297004
240,Denmark,Netherlands,0.04965793819297004
241,Denmark,Poland,0.04965793819297004
242,Denmark,Portugal,0.04965793819297004
243,Denmark,Romania,0.04965793819297004
244,Denmark,Slovakia,0.04965793819297004
245,Denmark,Slovenia,0.04965793819297004
246,Denmark,Spain,0.04965793819297004
247,Denmark,Sweden,0.04965793819297004
248,Denmark,United Kingdom,0.04965793819297004
249,Denmark,Iceland,0.04965793819297004
250,Denmark,Lichtenstein,0.04965793819297004
251,Denmark,Norway,0.04965793819297004
252,Denmark,China,0.0018479201069434615
253,Denmark,India,0.0
254,Denmark,Iraq,0.0
255,Denmark,Pakistan,0.0
256,Denmark,Russia,0.0
257,Denmark,Saudi Arabia,0.0
258,Denmark,United Arab Emirates,0.00011795234725171031
259,Estonia,Austria,0.04965793819297004
260,Estonia,Belgium,0.04965793819297004
261,Estonia,Bulgaria,0.04965793819297004
262,Estonia,Croatia,0.04965793819297004
263,Estonia,Cyprus,0.04965793819297004
264,Estonia,Czech Republic,0.04965793819297004
265,Estonia,Denmark,0.04965793819297004
266,Estonia,Finland,0.04965793819297004
267,Estonia,France,0.04965793819297004
268,Estonia,Germany,0.04965793819297004
269,Estonia,Greece,0.04965793819297004
270,Estonia,Hungary,0.04965793819297004
271,Estonia,Ireland,0.04965793819297004
272,Estonia,Italy,0.04965793819297004
273,Estonia,Latvia,0.04965793819297004
274,Estonia,Lithuania,0.04965793819297004
275,Estonia,Luxembourg,0.04965793819297004
276,Estonia,Malta,0.04965793819297004
277,Estonia,Netherlands,0.04965793819297004
278,Estonia,Poland,0.04965793819297004
279,Estonia,Portugal,0.04965793819297004
280,Estonia,Romania,0.04965793819297004
281,Estonia,Slovakia,0.04965793819297004
282,Estonia,Slovenia,0.04965793819297004
283,Estonia,Spain,0.04965793819297004
284,Estonia,Sweden,0.04965793819297004
285,Estonia,United Kingdom,0.04965793819297004
286,Estonia,Iceland,0.04965793819297004
287,Estonia,Lichtenstein,0.04965793819297004
288,Estonia,Norway,0.04965793819297004
289,Estonia,China,0.0018479201069434615
290,Estonia,India,0.0
291,Estonia,Iraq,0.0
292,Estonia,Pakistan,0.0
293,Estonia,Russia,0.0
294,Estonia,Saudi Arabia,0.0
295,Estonia,United Arab Emirates,0.00011795234725171031
296,Finland,Austria,0.04965793819297004
297,Finland,Belgium,0.04965793819297004
298,Finland,Bulgaria,0.04965793819297004
299,Finland,Croatia,0.04965793819297004
300,Finland,Cyprus,0.04965793819297004
301,Finland,Czech Republic,0.04965793819297004
302,Finland,Denmark,0.04965793819297004
303,Finland,Estonia,0.04965793819297004
304,Finland,France,0.04965793819297004
305,Finland,Germany,0.04965793819297004
306,Finland,Greece,0.04965793819297004
307,Finland,Hungary,0.04965793819297004
308,Finland,Ireland,0.04965793819297004
309,Finland,Italy,0.04965793819297004
310,Finland,Latvia,0.04965793819297004
311,Finland,Lithuania,0.04965793819297004
312,Finland,Luxembourg,0.04965793819297004
313,Finland,Malta,0.04965793819297004
314,Finland,Netherlands,0.04965793819297004
315,Finland,Poland,0.04965793819297004
316,Finland,Portugal,0.04965793819297004
317,Finland,Romania,0.04965793819297004
318,Finland,Slovakia,0.04965793819297004
319,Finland,Slovenia,0.04965793819297004
320,Finland,Spain,0.04965793819297004
321,Finland,Sweden,0.04965793819297004
322,Finland,United Kingdom,0.04965793819297004
323,Finland,Iceland,0.04965793819297004
324,Finland,Lichtenstein,0.04965793819297004
325,Finland,Norway,0.04965793819297004
326,Finland,China,0.0018479201069434615
327,Finland,India,0.0
328,Finland,Iraq,0.0
329,Finland,Pakistan,0.0
330,Finland,Russia,0.0
331,Finland,Saudi Arabia,0.0
332,Finland,United Arab Emirates,0.00011795234725171031
333,France,Austria,0.04965793819297004
334,France,Belgium,0.04965793819297004
335,France,Bulgaria,0.04965793819297004
336,France,Croatia,0.04965793819297004
337,France,Cyprus,0.04965793819297004
338,France,Czech Republic,0.04965793819297004
339,France,Denmark,0.04965793819297004
340,France,Estonia,0.04965793819297004
341,France,Finland,0.04965793819297004
342,France,Germany,0.04965793819297004
343,France,Greece,0.04965793819297004
344,France,Hungary,0.04965793819297004
345,France,Ireland,0.04965793819297004
346,France,Italy,0.04965793819297004
347,France,Latvia,0.04965793819297004
348,France,Lithuania,0.04965793819297004
349,France,Luxembourg,0.04965793819297004
350,France,Malta,0.04965793819297004
351,France,Netherlands,0.04965793819297004
352,France,Poland,0.04965793819297004
353,France,Portugal,0.04965793819297004
354,France,Romania,0.04965793819297004
355,France,Slovakia,0.04965793819297004
356,France,Slovenia,0.04965793819297004
357,France,Spain,0.04965793819297004
358,France,Sweden,0.04965793819297004
359,France,United Kingdom,0.04965793819297004
360,France,Iceland,0.04965793819297004
361,France,Lichtenstein,0.04965793819297004
362,France,Norway,0.04965793819297004
363,France,China,0.0018479201069434615
364,France,India,0.0
365,France,Iraq,0.0
366,France,Pakistan,0.0
367,France,Russia,0.0
368,France,Saudi Arabia,0.0
369,France,United Arab Emirates,0.00011795234725171031
370,Germany,Austria,0.04965793819297004
371,Germany,Belgium,0.04965793819297004
372,Germany,Bulgaria,0.04965793819297004
373,Germany,Croatia,0.04965793819297004
374,Germany,Cyprus,0.04965793819297004
375,Germany,Czech Republic,0.04965793819297004
376,Germany,Denmark,0.04965793819297004
377,Germany,Estonia,0.04965793819297004
378,Germany,Finland,0.04965793819297004
379,Germany,France,0.04965793819297004
380,Germany,Greece,0.04965793819297004
381,Germany,Hungary,0.04965793819297004
382,Germany,Ireland,0.04965793819297004
383,Germany,Italy,0.04965793819297004
384,Germany,Latvia,0.04965793819297004
385,Germany,Lithuania,0.04965793819297004
386,Germany,Luxembourg,0.04965793819297004
387,Germany,Malta,0.04965793819297004
388,Germany,Netherlands,0.04965793819297004
389,Germany,Poland,0.04965793819297004
390,Germany,Portugal,0.04965793819297004
391,Germany,Romania,0.04965793819297004
392,Germany,Slovakia,0.04965793819297004
393,Germany,Slovenia,0.04965793819297004
394,Germany,Spain,0.04965793819297004
395,Germany,Sweden,0.04965793819297004
396,Germany,United Kingdom,0.04965793819297004
397,Germany,Iceland,0.04965793819297004
398,Germany,Lichtenstein,0.04965793819297004
399,Germany,Norway,0.04965793819297004
400,Germany,China,0.0018479201069434615
401,Germany,India,0.0
402,Germany,Iraq,0.0
403,Germany,Pakistan,0.0
404,Germany,Russia,0.0
405,Germany,Saudi Arabia,0.0
406,Germany,United Arab Emirates,0.00011795234725171031
407,Greece,Austria,0.04965793819297004
408,Greece,Belgium,0.04965793819297004
409,Greece,Bulgaria,0.04965793819297004
410,Greece,Croatia,0.04965793819297004
411,Greece,Cyprus,0.04965793819297004
412,Greece,Czech Republic,0.04965793819297004
413,Greece,Denmark,0.04965793819297004
414,Greece,Estonia,0.04965793819297004
415,Greece,Finland,0.04965793819297004
416,Greece,France,0.04965793819297004
417,Greece,Germany,0.04965793819297004
418,Greece,Hungary,0.04965793819297004
419,Greece,Ireland,0.04965793819297004
420,Greece,Italy,0.04965793819297004
421,Greece,Latvia,0.04965793819297004
422,Greece,Lithuania,0.04965793819297004
423,Greece,Luxembourg,0.04965793819297004
424,Greece,Malta,0.04965793819297004
425,Greece,Netherlands,0.04965793819297004
426,Greece,Poland,0.04965793819297004
427,Greece,Portugal,0.04965793819297004
428,Greece,Romania,0.04965793819297004
429,Greece,Slovakia,0.04965793819297004
430,Greece,Slovenia,0.04965793819297004
431,Greece,Spain,0.04965793819297004
432,Greece,Sweden,0.04965793819297004
433,Greece,United Kingdom,0.04965793819297004
434,Greece,Iceland,0.04965793819297004
435,Greece,Lichtenstein,0.04965793819297004
436,Greece,Norway,0.04965793819297004
437,Greece,China,0.0018479201069434615
438,Greece,India,0.0
439,Greece,Iraq,0.0
440,Greece,Pakistan,0.0
441,Greece,Russia,0.0
442,Greece,Saudi Arabia,0.0
443,Greece,United Arab Emirates,0.00011795234725171031
444,Hungary,Austria,0.04965793819297004
445,Hungary,Belgium,0.04965793819297004
446,Hungary,Bulgaria,0.04965793819297004
447,Hungary,Croatia,0.04965793819297004
448,Hungary,Cyprus,0.04965793819297004
449,Hungary,Czech Republic,0.04965793819297004
450,Hungary,Denmark,0.04965793819297004
451,Hungary,Estonia,0.04965793819297004
452,Hungary,Finland,0.04965793819297004
453,Hungary,France,0.04965793819297004
454,Hungary,Germany,0.04965793819297004
455,Hungary,Greece,0.04965793819297004
456,Hungary,Ireland,0.04965793819297004
457,Hungary,Italy,0.04965793819297004
458,Hungary,Latvia,0.04965793819297004
459,Hungary,Lithuania,0.04965793819297004
460,Hungary,Luxembourg,0.04965793819297004
461,Hungary,Malta,0.04965793819297004
462,Hungary,Netherlands,0.04965793819297004
463,Hungary,Poland,0.04965793819297004
464,Hungary,Portugal,0.04965793819297004
465,Hungary,Romania,0.04965793819297004
466,Hungary,Slovakia,0.04965793819297004
467,Hungary,Slovenia,0.04965793819297004
468,Hungary,Spain,0.04965793819297004
469,Hungary,Sweden,0.04965793819297004
470,Hungary,United Kingdom,0.04965793819297004
471,Hungary,Iceland,0.04965793819297004
472,Hungary,Lichtenstein,0.04965793819297004
473,Hungary,Norway,0.04965793819297004
474,Hungary,China,0.0018479201069434615
475,Hungary,India,0.0
476,Hungary,Iraq,0.0
477,Hungary,Pakistan,0.0
478,Hungary,Russia,0.0
479,Hungary,Saudi Arabia,0.0
480,Hungary,United Arab Emirates,0.00011795234725171031
481,Ireland,Austria,0.04965793819297004
482,Ireland,Belgium,0.04965793819297004
483,Ireland,Bulgaria,0.04965793819297004
484,Ireland,Croatia,0.04965793819297004
485,Ireland,Cyprus,0.04965793819297004
486,Ireland,Czech Republic,0.04965793819297004
487,Ireland,Denmark,0.04965793819297004
488,Ireland,Estonia,0.04965793819297004
489,Ireland,Finland,0.04965793819297004
490,Ireland,France,0.04965793819297004
491,Ireland,Germany,0.04965793819297004
492,Ireland,Greece,0.04965793819297004
493,Ireland,Hungary,0.04965793819297004
494,Ireland,Italy,0.04965793819297004
495,Ireland,Latvia,0.04965793819297004
496,Ireland,Lithuania,0.04965793819297004
497,Ireland,Luxembourg,0.04965793819297004
498,Ireland,Malta,0.04965793819297004
499,Ireland,Netherlands,0.04965793819297004
500,Ireland,Poland,0.04965793819297004
501,Ireland,Portugal,0.04965793819297004
502,Ireland,Romania,0.04965793819297004
503,Ireland,Slovakia,0.04965793819297004
504,Ireland,Slovenia,0.04965793819297004
505,Ireland,Spain,0.04965793819297004
506,Ireland,Sweden,0.04965793819297004
507,Ireland,United Kingdom,0.04965793819297004
508,Ireland,Iceland,0.04965793819297004
509,Ireland,Lichtenstein,0.04965793819297004
510,Ireland,Norway,0.04965793819297004
511,Ireland,China,0.0018479201069434615
512,Ireland,India,0.0
513,Ireland,Iraq,0.0
514,Ireland,Pakistan,0.0
515,Ireland,Russia,0.0
516,Ireland,Saudi Arabia,0.0
517,Ireland,United Arab Emirates,0.00011795234725171031
518,Italy,Austria,0.04965793819297004
519,Italy,Belgium,0.04965793819297004
520,Italy,Bulgaria,0.04965793819297004
521,Italy,Croatia,0.04965793819297004
522,Italy,Cyprus,0.04965793819297004
523,Italy,Czech Republic,0.04965793819297004
524,Italy,Denmark,0.04965793819297004
525,Italy,Estonia,0.04965793819297004
526,Italy,Finland,0.04965793819297004
527,Italy,France,0.04965793819297004
528,Italy,Germany,0.04965793819297004
529,Italy,Greece,0.04965793819297004
530,Italy,Hungary,0.04965793819297004
531,Italy,Ireland,0.04965793819297004
532,Italy,Latvia,0.04965793819297004
533,Italy,Lithuania,0.04965793819297004
534,Italy,Luxembourg,0.04965793819297004
535,Italy,Malta,0.04965793819297004
536,Italy,Netherlands,0.04965793819297004
537,Italy,Poland,0.04965793819297004
538,Italy,Portugal,0.04965793819297004
539,Italy,Romania,0.04965793819297004
540,Italy,Slovakia,0.04965793819297004
541,Italy,Slovenia,0.04965793819297004
542,Italy,Spain,0.04965793819297004
543,Italy,Sweden,0.04965793819297004
544,Italy,United Kingdom,0.04965793819297004
545,Italy,Iceland,0.04965793819297004
546,Italy,Lichtenstein,0.04965793819297004
547,Italy,Norway,0.04965793819297004
548,Italy,China,0.0018479201069434615
549,Italy,India,0.0
550,Italy,Iraq,0.0
551,Italy,Pakistan,0.0
552,Italy,Russia,0.0
553,Italy,Saudi Arabia,0.0
554,Italy,United Arab Emirates,0.00011795234725171031
555,Latvia,Austria,0.04965793819297004
556,Latvia,Belgium,0.04965793819297004
557,Latvia,Bulgaria,0.04965793819297004
558,Latvia,Croatia,0.04965793819297004
559,Latvia,Cyprus,0.04965793819297004
560,Latvia,Czech Republic,0.04965793819297004
561,Latvia,Denmark,0.04965793819297004
562,Latvia,Estonia,0.04965793819297004
563,Latvia,Finland,0.04965793819297004
564,Latvia,France,0.04965793819297004
565,Latvia,Germany,0.04965793819297004
566,Latvia,Greece,0.04965793819297004
567,Latvia,Hungary,0.04965793819297004
568,Latvia,Ireland,0.04965793819297004
569,Latvia,Italy,0.04965793819297004
570,Latvia,Lithuania,0.04965793819297004
571,Latvia,Luxembourg,0.04965793819297004
572,Latvia,Malta,0.04965793819297004
573,Latvia,Netherlands,0.04965793819297004
574,Latvia,Poland,0.04965793819297004
575,Latvia,Portugal,0.04965793819297004
576,Latvia,Romania,0.04965793819297004
577,Latvia,Slovakia,0.04965793819297004
578,Latvia,Slovenia,0.04965793819297004
579,Latvia,Spain,0.04965793819297004
580,Latvia,Sweden,0.04965793819297004
581,Latvia,United Kingdom,0.04965793819297004
582,Latvia,Iceland,0.04965793819297004
583,Latvia,Lichtenstein,0.04965793819297004
584,Latvia,Norway,0.04965793819297004
585,Latvia,China,0.0018479201069434615
586,Latvia,India,0.0
587,Latvia,Iraq,0.0
588,Latvia,Pakistan,0.0
589,Latvia,Russia,0.0
590,Latvia,Saudi Arabia,0.0
591,Latvia,United Arab Emirates,0.00011795234725171031
592,Lithuania,Austria,0.04965793819297004
593,Lithuania,Belgium,0.04965793819297004
594,Lithuania,Bulgaria,0.04965793819297004
595,Lithuania,Croatia,0.04965793819297004
596,Lithuania,Cyprus,0.04965793819297004
597,Lithuania,Czech Republic,0.04965793819297004
598,Lithuania,Denmark,0.04965793819297004
599,Lithuania,Estonia,0.04965793819297004
600,Lithuania,Finland,0.04965793819297004
601,Lithuania,France,0.04965793819297004
602,Lithuania,Germany,0.04965793819297004
603,Lithuania,Greece,0.04965793819297004
604,Lithuania,Hungary,0.04965793819297004
605,Lithuania,Ireland,0.04965793819297004
606,Lithuania,Italy,0.04965793819297004
607,Lithuania,Latvia,0.04965793819297004
608,Lithuania,Luxembourg,0.04965793819297004
609,Lithuania,Malta,0.04965793819297004
610,Lithuania,Netherlands,0.04965793819297004
611,Lithuania,Poland,0.04965793819297004
612,Lithuania,Portugal,0.04965793819297004
613,Lithuania,Romania,0.04965793819297004
614,Lithuania,Slovakia,0.04965793819297004
615,Lithuania,Slovenia,0.04965793819297004
616,Lithuania,Spain,0.04965793819297004
617,Lithuania,Sweden,0.04965793819297004
618,Lithuania,United Kingdom,0.04965793819297004
619,Lithuania,Iceland,0.04965793819297004
620,Lithuania,Lichtenstein,0.04965793819297004
621,Lithuania,Norway,0.04965793819297004
622,Lithuania,China,0.0018479201069434615
623,Lithuania,India,0.0
624,Lithuania,Iraq,0.0
625,Lithuania,Pakistan,0.0
626,Lithuania,Russia,0.0
627,Lithuania,Saudi Arabia,0.0
628,Lithuania,United Arab Emirates,0.00011795234725171031
629,Luxembourg,Austria,0.04965793819297004
630,Luxembourg,Belgium,0.04965793819297004
631,Luxembourg,Bulgaria,0.04965793819297004
632,Luxembourg,Croatia,0.04965793819297004
633,Luxembourg,Cyprus,0.04965793819297004
634,Luxembourg,Czech Republic,0.04965793819297004
635,Luxembourg,Denmark,0.04965793819297004
636,Luxembourg,Estonia,0.04965793819297004
637,Luxembourg,Finland,0.04965793819297004
638,Luxembourg,France,0.04965793819297004
639,Luxembourg,Germany,0.04965793819297004
640,Luxembourg,Greece,0.04965793819297004
641,Luxembourg,Hungary,0.04965793819297004
642,Luxembourg,Ireland,0.04965793819297004
643,Luxembourg,Italy,0.04965793819297004
644,Luxembourg,Latvia,0.04965793819297004
645,Luxembourg,Lithuania,0.04965793819297004
646,Luxembourg,Malta,0.04965793819297004
647,Luxembourg,Netherlands,0.04965793819297004
648,Luxembourg,Poland,0.04965793819297004
649,Luxembourg,Portugal,0.04965793819297004
650,Luxembourg,Romania,0.04965793819297004
651,Luxembourg,Slovakia,0.04965793819297004
652,Luxembourg,Slovenia,0.04965793819297004
653,Luxembourg,Spain,0.04965793819297004
654,Luxembourg,Sweden,0.04965793819297004
655,Luxembourg,United Kingdom,0.04965793819297004
656,Luxembourg,Iceland,0.04965793819297004
657,Luxembourg,Lichtenstein,0.04965793819297004
658,Luxembourg,Norway,0.04965793819297004
659,Luxembourg,China,0.0018479201069434615
660,Luxembourg,India,0.0
661,Luxembourg,Iraq,0.0
662,Luxembourg,Pakistan,0.0
663,Luxembourg,Russia,0.0
664,Luxembourg,Saudi Arabia,0.0
665,Luxembourg,United Arab Emirates,0.00011795234725171031
666,Malta,Austria,0.04965793819297004
667,Malta,Belgium,0.04965793819297004
668,Malta,Bulgaria,0.04965793819297004
669,Malta,Croatia,0.04965793819297004
670,Malta,Cyprus,0.04965793819297004
671,Malta,Czech Republic,0.04965793819297004
672,Malta,Denmark,0.04965793819297004
673,Malta,Estonia,0.04965793819297004
674,Malta,Finland,0.04965793819297004
675,Malta,France,0.04965793819297004
676,Malta,Germany,0.04965793819297004
677,Malta,Greece,0.04965793819297004
678,Malta,Hungary,0.04965793819297004
679,Malta,Ireland,0.04965793819297004
680,Malta,Italy,0.04965793819297004
681,Malta,Latvia,0.04965793819297004
682,Malta,Lithuania,0.04965793819297004
683,Malta,Luxembourg,0.04965793819297004
684,Malta,Netherlands,0.04965793819297004
685,Malta,Poland,0.04965793819297004
686,Malta,Portugal,0.04965793819297004
687,Malta,Romania,0.04965793819297004
688,Malta,Slovakia,0.04965793819297004
689,Malta,Slovenia,0.04965793819297004
690,Malta,Spain,0.04965793819297004
691,Malta,Sweden,0.04965793819297004
692,Malta,United Kingdom,0.04965793819297004
693,Malta,Iceland,0.04965793819297004
694,Malta,Lichtenstein,0.04965793819297004
695,Malta,Norway,0.04965793819297004
696,Malta,China,0.0018479201069434615
697,Malta,India,0.0
698,Malta,Iraq,0.0
699,Malta,Pakistan,0.0
700,Malta,Russia,0.0
701,Malta,Saudi Arabia,0.0
702,Malta,United Arab Emirates,0.00011795234725171031
703,Netherlands,Austria,0.04965793819297004
704,Netherlands,Belgium,0.04965793819297004
705,Netherlands,Bulgaria,0.04965793819297004
706,Netherlands,Croatia,0.04965793819297004
707,Netherlands,Cyprus,0.04965793819297004
708,Netherlands,Czech Republic,0.04965793819297004
709,Netherlands,Denmark,0.04965793819297004
710,Netherlands,Estonia,0.04965793819297004
711,Netherlands,Finland,0.04965793819297004
712,Netherlands,France,0.04965793819297004
713,Netherlands,Germany,0.04965793819297004
714,Netherlands,Greece,0.04965793819297004
715,Netherlands,Hungary,0.04965793819297004
716,Netherlands,Ireland,0.04965793819297004
717,Netherlands,Italy,0.04965793819297004
718,Netherlands,Latvia,0.04965793819297004
719,Netherlands,Lithuania,0.04965793819297004
720,Netherlands,Luxembourg,0.04965793819297004
721,Netherlands,Malta,0.04965793819297004
722,Netherlands,Poland,0.04965793819297004
723,Netherlands,Portugal,0.04965793819297004
724,Netherlands,Romania,0.04965793819297004
725,Netherlands,Slovakia,0.04965793819297004
726,Netherlands,Slovenia,0.04965793819297004
727,Netherlands,Spain,0.04965793819297004
728,Netherlands,Sweden,0.04965793819297004
729,Netherlands,United Kingdom,0.04965793819297004
730,Netherlands,Iceland,0.04965793819297004
731,Netherlands,Lichtenstein,0.04965793819297004
732,Netherlands,Norway,0.04965793819297004
733,Netherlands,China,0.0018479201069434615
734,Netherlands,India,0.0
735,Netherlands,Iraq,0.0
736,Netherlands,Pakistan,0.0
737,Netherlands,Russia,0.0
738,Netherlands,Saudi Arabia,0.0
739,Netherlands,United Arab Emirates,0.00011795234725171031
740,Poland,Austria,0.04965793819297004
741,Poland,Belgium,0.04965793819297004
742,Poland,Bulgaria,0.04965793819297004
743,Poland,Croatia,0.04965793819297004
744,Poland,Cyprus,0.04965793819297004
745,Poland,Czech Republic,0.04965793819297004
746,Poland,Denmark,0.04965793819297004
747,Poland,Estonia,0.04965793819297004
748,Poland,Finland,0.04965793819297004
749,Poland,France,0.04965793819297004
750,Poland,Germany,0.04965793819297004
751,Poland,Greece,0.04965793819297004
752,Poland,Hungary,0.04965793819297004
753,Poland,Ireland,0.04965793819297004
754,Poland,Italy,0.04965793819297004
755,Poland,Latvia,0.04965793819297004
756,Poland,Lithuania,0.04965793819297004
757,Poland,Luxembourg,0.04965793819297004
758,Poland,Malta,0.04965793819297004
759,Poland,Netherlands,0.04965793819297004
760,Poland,Portugal,0.04965793819297004
761,Poland,Romania,0.04965793819297004
762,Poland,Slovakia,0.04965793819297004
763,Poland,Slovenia,0.04965793819297004
764,Poland,Spain,0.04965793819297004
765,Poland,Sweden,0.04965793819297004
766,Poland,United Kingdom,0.04965793819297004
767,Poland,Iceland,0.04965793819297004
768,Poland,Lichtenstein,0.04965793819297004
769,Poland,Norway,0.04965793819297004
770,Poland,China,0.0018479201069434615
771,Poland,India,0.0
772,Poland,Iraq,0.0
773,Poland,Pakistan,0.0
774,Poland,Russia,0.0
775,Poland,Saudi Arabia,0.0
776,Poland,United Arab Emirates,0.00011795234725171031
777,Portugal,Austria,0.04965793819297004
778,Portugal,Belgium,0.04965793819297004
779,Portugal,Bulgaria,0.04965793819297004
780,Portugal,Croatia,0.04965793819297004
781,Portugal,Cyprus,0.04965793819297004
782,Portugal,Czech Republic,0.04965793819297004
783,Portugal,Denmark,0.04965793819297004
784,Portugal,Estonia,0.04965793819297004
785,Portugal,Finland,0.04965793819297004
786,Portugal,France,0.04965793819297004
787,Portugal,Germany,0.04965793819297004
788,Portugal,Greece,0.04965793819297004
789,Portugal,Hungary,0.04965793819297004
790,Portugal,Ireland,0.04965793819297004
791,Portugal,Italy,0.04965793819297004
792,Portugal,Latvia,0.04965793819297004
793,Portugal,Lithuania,0.04965793819297004
794,Portugal,Luxembourg,0.04965793819297004
795,Portugal,Malta,0.04965793819297004
796,Portugal,Netherlands,0.04965793819297004
797,Portugal,Poland,0.04965793819297004
798,Portugal,Romania,0.04965793819297004
799,Portugal,Slovakia,0.04965793819297004
800,Portugal,Slovenia,0.04965793819297004
801,Portugal,Spain,0.04965793819297004
802,Portugal,Sweden,0.04965793819297004
803,Portugal,United Kingdom,0.04965793819297004
804,Portugal,Iceland,0.04965793819297004
805,Portugal,Lichtenstein,0.04965793819297004
806,Portugal,Norway,0.04965793819297004
807,Portugal,China,0.0018479201069434615
808,Portugal,India,0.0
809,Portugal,Iraq,0.0
810,Portugal,Pakistan,0.0
811,Portugal,Russia,0.0
812,Portugal,Saudi Arabia,0.0
813,Portugal,United Arab Emirates,0.00011795234725171031
814,Romania,Austria,0.04965793819297004
815,Romania,Belgium,0.04965793819297004
816,Romania,Bulgaria,0.04965793819297004
817,Romania,Croatia,0.04965793819297004
818,Romania,Cyprus,0.04965793819297004
819,Romania,Czech Republic,0.04965793819297004
820,Romania,Denmark,0.04965793819297004
821,Romania,Estonia,0.04965793819297004
822,Romania,Finland,0.04965793819297004
823,Romania,France,0.04965793819297004
824,Romania,Germany,0.04965793819297004
825,Romania,Greece,0.04965793819297004
826,Romania,Hungary,0.04965793819297004
827,Romania,Ireland,0.04965793819297004
828,Romania,Italy,0.04965793819297004
829,Romania,Latvia,0.04965793819297004
830,Romania,Lithuania,0.04965793819297004
831,Romania,Luxembourg,0.04965793819297004
832,Romania,Malta,0.04965793819297004
833,Romania,Netherlands,0.04965793819297004
834,Romania,Poland,0.04965793819297004
835,Romania,Portugal,0.04965793819297004
836,Romania,Slovakia,0.04965793819297004
837,Romania,Slovenia,0.04965793819297004
838,Romania,Spain,0.04965793819297004
839,Romania,Sweden,0.04965793819297004
840,Romania,United Kingdom,0.04965793819297004
841,Romania,Iceland,0.04965793819297004
842,Romania,Lichtenstein,0.04965793819297004
843,Romania,Norway,0.04965793819297004
844,Romania,China,0.0018479201069434615
845,Romania,India,0.0
846,Romania,Iraq,0.0
847,Romania,Pakistan,0.0
848,Romania,Russia,0.0
849,Romania,Saudi Arabia,0.0
850,Romania,United Arab Emirates,0.00011795234725171031
851,Slovakia,Austria,0.04965793819297004
852,Slovakia,Belgium,0.04965793819297004
853,Slovakia,Bulgaria,0.04965793819297004
854,Slovakia,Croatia,0.04965793819297004
855,Slovakia,Cyprus,0.04965793819297004
856,Slovakia,Czech Republic,0.04965793819297004
857,Slovakia,Denmark,0.04965793819297004
858,Slovakia,Estonia,0.04965793819297004
859,Slovakia,Finland,0.04965793819297004
860,Slovakia,France,0.04965793819297004
861,Slovakia,Germany,0.04965793819297004
862,Slovakia,Greece,0.04965793819297004
863,Slovakia,Hungary,0.04965793819297004
864,Slovakia,Ireland,0.04965793819297004
865,Slovakia,Italy,0.04965793819297004
866,Slovakia,Latvia,0.04965793819297004
867,Slovakia,Lithuania,0.04965793819297004
868,Slovakia,Luxembourg,0.04965793819297004
869,Slovakia,Malta,0.04965793819297004
870,Slovakia,Netherlands,0.04965793819297004
871,Slovakia,Poland,0.04965793819297004
872,Slovakia,Portugal,0.04965793819297004
873,Slovakia,Romania,0.04965793819297004
874,Slovakia,Slovenia,0.04965793819297004
875,Slovakia,Spain,0.04965793819297004
876,Slovakia,Sweden,0.04965793819297004
877,Slovakia,United Kingdom,0.04965793819297004
878,Slovakia,Iceland,0.04965793819297004
879,Slovakia,Lichtenstein,0.04965793819297004
880,Slovakia,Norway,0.04965793819297004
881,Slovakia,China,0.0018479201069434615
882,Slovakia,India,0.0
883,Slovakia,Iraq,0.0
884,Slovakia,Pakistan,0.0
885,Slovakia,Russia,0.0
886,Slovakia,Saudi Arabia,0.0
887,Slovakia,United Arab Emirates,0.00011795234725171031
888,Slovenia,Austria,0.04965793819297004
889,Slovenia,Belgium,0.04965793819297004
890,Slovenia,Bulgaria,0.04965793819297004
891,Slovenia,Croatia,0.04965793819297004
892,Slovenia,Cyprus,0.04965793819297004
893,Slovenia,Czech Republic,0.04965793819297004
894,Slovenia,Denmark,0.04965793819297004
895,Slovenia,Estonia,0.04965793819297004
896,Slovenia,Finland,0.04965793819297004
897,Slovenia,France,0.04965793819297004
898,Slovenia,Germany,0.04965793819297004
899,Slovenia,Greece,0.04965793819297004
900,Slovenia,Hungary,0.04965793819297004
901,Slovenia,Ireland,0.04965793819297004
902,Slovenia,Italy,0.04965793819297004
903,Slovenia,Latvia,0.04965793819297004
904,Slovenia,Lithuania,0.04965793819297004
905,Slovenia,Luxembourg,0.04965793819297004
906,Slovenia,Malta,0.04965793819297004
907,Slovenia,Netherlands,0.04965793819297004
908,Slovenia,Poland,0.04965793819297004
909,Slovenia,Portugal,0.04965793819297004
910,Slovenia,Romania,0.04965793819297004
911,Slovenia,Slovakia,0.04965793819297004
912,Slovenia,Spain,0.04965793819297004
913,Slovenia,Sweden,0.04965793819297004
914,Slovenia,United Kingdom,0.04965793819297004
915,Slovenia,Iceland,0.04965793819297004
916,Slovenia,Lichtenstein,0.04965793819297004
917,Slovenia,Norway,0.04965793819297004
918,Slovenia,China,0.0018479201069434615
919,Slovenia,India,0.0
920,Slovenia,Iraq,0.0
921,Slovenia,Pakistan,0.0
922,Slovenia,Russia,0.0
923,Slovenia,Saudi Arabia,0.0
924,Slovenia,United Arab Emirates,0.00011795234725171031
925,Spain,Austria,0.04965793819297004
926,Spain,Belgium,0.04965793819297004
927,Spain,Bulgaria,0.04965793819297004
928,Spain,Croatia,0.04965793819297004
929,Spain,Cyprus,0.04965793819297004
930,Spain,Czech Republic,0.04965793819297004
931,Spain,Denmark,0.04965793819297004
932,Spain,Estonia,0.04965793819297004
933,Spain,Finland,0.04965793819297004
934,Spain,France,0.04965793819297004
935,Spain,Germany,0.04965793819297004
936,Spain,Greece,0.04965793819297004
937,Spain,Hungary,0.04965793819297004
938,Spain,Ireland,0.04965793819297004
939,Spain,Italy,0.04965793819297004
940,Spain,Latvia,0.04965793819297004
941,Spain,Lithuania,0.04965793819297004
942,Spain,Luxembourg,0.04965793819297004
943,Spain,Malta,0.04965793819297004
944,Spain,Netherlands,0.04965793819297004
945,Spain,Poland,0.04965793819297004
946,Spain,Portugal,0.04965793819297004
947,Spain,Romania,0.04965793819297004
948,Spain,Slovakia,0.04965793819297004
949,Spain,Slovenia,0.04965793819297004
950,Spain,Sweden,0.04965793819297004
951,Spain,United Kingdom,0.04965793819297004
952,Spain,Iceland,0.04965793819297004
953,Spain,Lichtenstein,0.04965793819297004
954,Spain,Norway,0.04965793819297004
955,Spain,China,0.0018479201069434615
956,Spain,India,0.0
957,Spain,Iraq,0.0
958,Spain,Pakistan,0.0
959,Spain,Russia,0.0
960,Spain,Saudi Arabia,0.0
961,Spain,United Arab Emirates,0.00011795234725171031
962,Sweden,Austria,0.04965793819297004
963,Sweden,Belgium,0.04965793819297004
964,Sweden,Bulgaria,0.04965793819297004
965,Sweden,Croatia,0.04965793819297004
966,Sweden,Cyprus,0.04965793819297004
967,Sweden,Czech Republic,0.04965793819297004
968,Sweden,Denmark,0.04965793819297004
969,Sweden,Estonia,0.04965793819297004
970,Sweden,Finland,0.04965793819297004
971,Sweden,France,0.04965793819297004
972,Sweden,Germany,0.04965793819297004
973,Sweden,Greece,0.04965793819297004
974,Sweden,Hungary,0.04965793819297004
975,Sweden,Ireland,0.04965793819297004
976,Sweden,Italy,0.04965793819297004
977,Sweden,Latvia,0.04965793819297004
978,Sweden,Lithuania,0.04965793819297004
979,Sweden,Luxembourg,0.04965793819297004
980,Sweden,Malta,0.04965793819297004
981,Sweden,Netherlands,0.04965793819297004
982,Sweden,Poland,0.04965793819297004
983,Sweden,Portugal,0.04965793819297004
984,Sweden,Romania,0.04965793819297004
985,Sweden,Slovakia,0.04965793819297004
986,Sweden,Slovenia,0.04965793819297004
987,Sweden,Spain,0.04965793819297004
988,Sweden,United Kingdom,0.04965793819297004
989,Sweden,Iceland,0.04965793819297004
990,Sweden,Lichtenstein,0.04965793819297004
991,Sweden,Norway,0.04965793819297004
992,Sweden,China,0.0018479201069434615
993,Sweden,India,0.0
994,Sweden,Iraq,0.0
995,Sweden,Pakistan,0.0
996,Sweden,Russia,0.0
997,Sweden,Saudi Arabia,0.0
998,Sweden,United Arab Emirates,0.00011795234725171031
999,United Kingdom,Austria,0.04965793819297004
1000,United Kingdom,Belgium,0.04965793819297004
1001,United Kingdom,Bulgaria,0.04965793819297004
1002,United Kingdom,Croatia,0.04965793819297004
1003,United Kingdom,Cyprus,0.04965793819297004
1004,United Kingdom,Czech Republic,0.04965793819297004
1005,United Kingdom,Denmark,0.04965793819297004
1006,United Kingdom,Estonia,0.04965793819297004
1007,United Kingdom,Finland,0.04965793819297004
1008,United Kingdom,France,0.04965793819297004
1009,United Kingdom,Germany,0.04965793819297004
1010,United Kingdom,Greece,0.04965793819297004
1011,United Kingdom,Hungary,0.04965793819297004
1012,United Kingdom,Ireland,0.04965793819297004
1013,United Kingdom,Italy,0.04965793819297004
1014,United Kingdom,Latvia,0.04965793819297004
1015,United Kingdom,Lithuania,0.04965793819297004
1016,United Kingdom,Luxembourg,0.04965793819297004
1017,United Kingdom,Malta,0.04965793819297004
1018,United Kingdom,Netherlands,0.04965793819297004
1019,United Kingdom,Poland,0.04965793819297004
1020,United Kingdom,Portugal,0.04965793819297004
1021,United Kingdom,Romania,0.04965793819297004
1022,United Kingdom,Slovakia,0.04965793819297004
1023,United Kingdom,Slovenia,0.04965793819297004
1024,United Kingdom,Spain,0.04965793819297004
1025,United Kingdom,Sweden,0.04965793819297004
1026,United Kingdom,Iceland,0.04965793819297004
1027,United Kingdom,Lichtenstein,0.04965793819297004
1028,United Kingdom,Norway,0.04965793819297004
1029,United Kingdom,China,0.0018479201069434615
1030,United Kingdom,India,0.0
1031,United Kingdom,Iraq,0.0
1032,United Kingdom,Pakistan,0.0
1033,United Kingdom,Russia,0.0
1034,United Kingdom,Saudi Arabia,0.0
1035,United Kingdom,United Arab Emirates,0.00011795234725171031
1036,Iceland,Austria,0.04965793819297004
1037,Iceland,Belgium,0.04965793819297004
1038,Iceland,Bulgaria,0.04965793819297004
1039,Iceland,Croatia,0.04965793819297004
1040,Iceland,Cyprus,0.04965793819297004
1041,Iceland,Czech Republic,0.04965793819297004
1042,Iceland,Denmark,0.04965793819297004
1043,Iceland,Estonia,0.04965793819297004
1044,Iceland,Finland,0.04965793819297004
1045,Iceland,France,0.04965793819297004
1046,Iceland,Germany,0.04965793819297004
1047,Iceland,Greece,0.04965793819297004
1048,Iceland,Hungary,0.04965793819297004
1049,Iceland,Ireland,0.04965793819297004
1050,Iceland,Italy,0.04965793819297004
1051,Iceland,Latvia,0.04965793819297004
1052,Iceland,Lithuania,0.04965793819297004
1053,Iceland,Luxembourg,0.04965793819297004
1054,Iceland,Malta,0.04965793819297004
1055,Iceland,Netherlands,0.04965793819297004
1056,Iceland,Poland,0.04965793819297004
1057,Iceland,Portugal,0.04965793819297004
1058,Iceland,Romania,0.04965793819297004
1059,Iceland,Slovakia,0.04965793819297004
1060,Iceland,Slovenia,0.04965793819297004
1061,Iceland,Spain,0.04965793819297004
1062,Iceland,Sweden,0.04965793819297004
1063,Iceland,United Kingdom,0.04965793819297004
1064,Iceland,Lichtenstein,0.04965793819297004
1065,Iceland,Norway,0.04965793819297004
1066,Iceland,China,0.0018479201069434615
1067,Iceland,India,0.0
1068,Iceland,Iraq,0.0
1069,Iceland,Pakistan,0.0
1070,Iceland,Russia,0.0
1071,Iceland,Saudi Arabia,0.0
1072,Iceland,United Arab Emirates,0.00011795234725171031
1073,Lichtenstein,Austria,0.04965793819297004
1074,Lichtenstein,Belgium,0.04965793819297004
1075,Lichtenstein,Bulgaria,0.04965793819297004
1076,Lichtenstein,Croatia,0.04965793819297004
1077,Lichtenstein,Cyprus,0.04965793819297004
1078,Lichtenstein,Czech Republic,0.04965793819297004
1079,Lichtenstein,Denmark,0.04965793819297004
1080,Lichtenstein,Estonia,0.04965793819297004
1081,Lichtenstein,Finland,0.04965793819297004
1082,Lichtenstein,France,0.04965793819297004
1083,Lichtenstein,Germany,0.04965793819297004
1084,Lichtenstein,Greece,0.04965793819297004
1085,Lichtenstein,Hungary,0.04965793819297004
1086,Lichtenstein,Ireland,0.04965793819297004
1087,Lichtenstein,Italy,0.04965793819297004
1088,Lichtenstein,Latvia,0.04965793819297004
1089,Lichtenstein,Lithuania,0.04965793819297004
1090,Lichtenstein,Luxembourg,0.04965793819297004
1091,Lichtenstein,Malta,0.04965793819297004
1092,Lichtenstein,Netherlands,0.04965793819297004
1093,Lichtenstein,Poland,0.04965793819297004
1094,Lichtenstein,Portugal,0.04965793819297004
1095,Lichtenstein,Romania,0.04965793819297004
1096,Lichtenstein,Slovakia,0.04965793819297004
1097,Lichtenstein,Slovenia,0.04965793819297004
1098,Lichtenstein,Spain,0.04965793819297004
1099,Lichtenstein,Sweden,0.04965793819297004
1100,Lichtenstein,United Kingdom,0.04965793819297004
1101,Lichtenstein,Iceland,0.04965793819297004
1102,Lichtenstein,Norway,0.04965793819297004
1103,Lichtenstein,China,0.0018479201069434615
1104,Lichtenstein,India,0.0
1105,Lichtenstein,Iraq,0.0
1106,Lichtenstein,Pakistan,0.0
1107,Lichtenstein,Russia,0.0
1108,Lichtenstein,Saudi Arabia,0.0
1109,Lichtenstein,United Arab Emirates,0.00011795234725171031
1110,Norway,Austria,0.04965793819297004
1111,Norway,Belgium,0.04965793819297004
1112,Norway,Bulgaria,0.04965793819297004
1113,Norway,Croatia,0.04965793819297004
1114,Norway,Cyprus,0.04965793819297004
1115,Norway,Czech Republic,0.04965793819297004
1116,Norway,Denmark,0.04965793819297004
1117,Norway,Estonia,0.04965793819297004
1118,Norway,Finland,0.04965793819297004
1119,Norway,France,0.04965793819297004
1120,Norway,Germany,0.04965793819297004
1121,Norway,Greece,0.04965793819297004
1122,Norway,Hungary,0.04965793819297004
1123,Norway,Ireland,0.04965793819297004
1124,Norway,Italy,0.04965793819297004
1125,Norway,Latvia,0.04965793819297004
1126,Norway,Lithuania,0.04965793819297004
1127,Norway,Luxembourg,0.04965793819297004
1128,Norway,Malta,0.04965793819297004
1129,Norway,Netherlands,0.04965793819297004
1130,Norway,Poland,0.04965793819297004
1131,Norway,Portugal,0.04965793819297004
1132,Norway,Romania,0.04965793819297004
1133,Norway,Slovakia,0.04965793819297004
1134,Norway,Slovenia,0.04965793819297004
1135,Norway,Spain,0.04965793819297004
1136,Norway,Sweden,0.04965793819297004
1137,Norway,United Kingdom,0.04965793819297004
1138,Norway,Iceland,0.04965793819297004
1139,Norway,Lichtenstein,0.04965793819297004
1140,Norway,China,0.0018479201069434615
1141,Norway,India,0.0
1142,Norway,Iraq,0.0
1143,Norway,Pakistan,0.0
1144,Norway,Russia,0.0
1145,Norway,Saudi Arabia,0.0
1146,Norway,United Arab Emirates,0.00011795234725171031
1147,China,Austria,0.0018479201069434615
1148,China,Belgium,0.0018479201069434615
1149,China,Bulgaria,0.0018479201069434615
1150,China,Croatia,0.0018479201069434615
1151,China,Cyprus,0.0018479201069434615
1152,China,Czech Republic,0.0018479201069434615
1153,China,Denmark,0.0018479201069434615
1154,China,Estonia,0.0018479201069434615
1155,China,Finland,0.0018479201069434615
1156,China,France,0.0018479201069434615
1157,China,Germany,0.0018479201069434615
1158,China,Greece,0.0018479201069434615
1159,China,Hungary,0.0018479201069434615
1160,China,Ireland,0.0018479201069434615
1161,China,Italy,0.0018479201069434615
1162,China,Latvia,0.0018479201069434615
1163,China,Lithuania,0.0018479201069434615
1164,China,Luxembourg,0.0018479201069434615
1165,China,Malta,0.0018479201069434615
1166,China,Netherlands,0.0018479201069434615
1167,China,Poland,0.0018479201069434615
1168,China,Portugal,0.0018479201069434615
1169,China,Romania,0.0018479201069434615
1170,China,Slovakia,0.0018479201069434615
1171,China,Slovenia,0.0018479201069434615
1172,China,Spain,0.0018479201069434615
1173,China,Sweden,0.0018479201069434615
1174,China,United Kingdom,0.0018479201069434615
1175,China,Iceland,0.0018479201069434615
1176,China,Lichtenstein,0.0018479201069434615
1177,China,Norway,0.0018479201069434615
1178,China,India,0.0
1179,China,Iraq,0.0
1180,China,Pakistan,0.00035385704175513094
1181,China,Russia,0.00035385704175513094
1182,China,Saudi Arabia,0.0033813006212156955
1183,China,United Arab Emirates,0.004560824093732798
1184,India,Austria,0.0
1185,India,Belgium,0.0
1186,India,Bulgaria,0.0
1187,India,Croatia,0.0
1188,India,Cyprus,0.0
1189,India,Czech Republic,0.0
1190,India,Denmark,0.0
1191,India,Estonia,0.0
1192,India,Finland,0.0
1193,India,France,0.0
1194,India,Germany,0.0
1195,India,Greece,0.0
1196,India,Hungary,0.0
1197,India,Ireland,0.0
1198,India,Italy,0.0
1199,India,Latvia,0.0
1200,India,Lithuania,0.0
1201,India,Luxembourg,0.0
1202,India,Malta,0.0
1203,India,Netherlands,0.0
1204,India,Poland,0.0
1205,India,Portugal,0.0
1206,India,Romania,0.0
1207,India,Slovakia,0.0
1208,India,Slovenia,0.0
1209,India,Spain,0.0
1210,India,Sweden,0.0
1211,India,United Kingdom,0.0
1212,India,Iceland,0.0
1213,India,Lichtenstein,0.0
1214,India,Norway,0.0
1215,India,China,0.0
1216,India,Iraq,0.0
1217,India,Pakistan,0.0
1218,India,Russia,0.0
1219,India,Saudi Arabia,0.0
1220,India,United Arab Emirates,0.00015726979633561374
1221,Iraq,Austria,0.0
1222,Iraq,Belgium,0.0
1223,Iraq,Bulgaria,0.0
1224,Iraq,Croatia,0.0
1225,Iraq,Cyprus,0.0
1226,Iraq,Czech Republic,0.0
1227,Iraq,Denmark,0.0
1228,Iraq,Estonia,0.0
1229,Iraq,Finland,0.0
1230,Iraq,France,0.0
1231,Iraq,Germany,0.0
1232,Iraq,Greece,0.0
1233,Iraq,Hungary,0.0
1234,Iraq,Ireland,0.0
1235,Iraq,Italy,0.0
1236,Iraq,Latvia,0.0
1237,Iraq,Lithuania,0.0
1238,Iraq,Luxembourg,0.0
1239,Iraq,Malta,0.0
1240,Iraq,Netherlands,0.0
1241,Iraq,Poland,0.0
1242,Iraq,Portugal,0.0
1243,Iraq,Romania,0.0
1244,Iraq,Slovakia,0.0
1245,Iraq,Slovenia,0.0
1246,Iraq,Spain,0.0
1247,Iraq,Sweden,0.0
1248,Iraq,United Kingdom,0.0
1249,Iraq,Iceland,0.0
1250,Iraq,Lichtenstein,0.0
1251,Iraq,Norway,0.0
1252,Iraq,China,0.0
1253,Iraq,India,0.0
1254,Iraq,Pakistan,0.0
1255,Iraq,Russia,0.0
1256,Iraq,Saudi Arabia,0.0
1257,Iraq,United Arab Emirates,7.863489816780687e-05
1258,Pakistan,Austria,0.0
1259,Pakistan,Belgium,0.0
1260,Pakistan,Bulgaria,0.0
1261,Pakistan,Croatia,0.0
1262,Pakistan,Cyprus,0.0
1263,Pakistan,Czech Republic,0.0
1264,Pakistan,Denmark,0.0
1265,Pakistan,Estonia,0.0
1266,Pakistan,Finland,0.0
1267,Pakistan,France,0.0
1268,Pakistan,Germany,0.0
1269,Pakistan,Greece,0.0
1270,Pakistan,Hungary,0.0
1271,Pakistan,Ireland,0.0
1272,Pakistan,Italy,0.0
1273,Pakistan,Latvia,0.0
1274,Pakistan,Lithuania,0.0
1275,Pakistan,Luxembourg,0.0
1276,Pakistan,Malta,0.0
1277,Pakistan,Netherlands,0.0
1278,Pakistan,Poland,0.0
1279,Pakistan,Portugal,0.0
1280,Pakistan,Romania,0.0
1281,Pakistan,Slovakia,0.0
1282,Pakistan,Slovenia,0.0
1283,Pakistan,Spain,0.0
1284,Pakistan,Sweden,0.0
1285,Pakistan,United Kingdom,0.0
1286,Pakistan,Iceland,0.0
1287,Pakistan,Lichtenstein,0.0
1288,Pakistan,Norway,0.0
1289,Pakistan,China,0.00035385704175513094
1290,Pakistan,India,0.0
1291,Pakistan,Iraq,0.0
1292,Pakistan,Russia,0.00011795234725171031
1293,Pakistan,Saudi Arabia,0.00011795234725171031
1294,Pakistan,United Arab Emirates,0.0024769992922859165
1295,Russia,Austria,0.0
1296,Russia,Belgium,0.0
1297,Russia,Bulgaria,0.0
1298,Russia,Croatia,0.0
1299,Russia,Cyprus,0.0
1300,Russia,Czech Republic,0.0
1301,Russia,Denmark,0.0
1302,Russia,Estonia,0.0
1303,Russia,Finland,0.0
1304,Russia,France,0.0
1305,Russia,Germany,0.0
1306,Russia,Greece,0.0
1307,Russia,Hungary,0.0
1308,Russia,Ireland,0.0
1309,Russia,Italy,0.0
1310,Russia,Latvia,0.0
1311,Russia,Lithuania,0.0
1312,Russia,Luxembourg,0.0
1313,Russia,Malta,0.0
1314,Russia,Netherlands,0.0
1315,Russia,Poland,0.0
1316,Russia,Portugal,0.0
1317,Russia,Romania,0.0
1318,Russia,Slovakia,0.0
1319,Russia,Slovenia,0.0
1320,Russia,Spain,0.0
1321,Russia,Sweden,0.0
1322,Russia,United Kingdom,0.0
1323,Russia,Iceland,0.0
1324,Russia,Lichtenstein,0.0
1325,Russia,Norway,0.0
1326,Russia,China,0.00035385704175513094
1327,Russia,India,0.0
1328,Russia,Iraq,0.0
1329,Russia,Pakistan,0.00011795234725171031
1330,Russia,Saudi Arabia,0.00011795234725171031
1331,Russia,United Arab Emirates,0.000982936227097586
1332,Saudi Arabia,Austria,0.0
1333,Saudi Arabia,Belgium,0.0
1334,Saudi Arabia,Bulgaria,0.0
1335,Saudi Arabia,Croatia,0.0
1336,Saudi Arabia,Cyprus,0.0
1337,Saudi Arabia,Czech Republic,0.0
1338,Saudi Arabia,Denmark,0.0
1339,Saudi Arabia,Estonia,0.0
1340,Saudi Arabia,Finland,0.0
1341,Saudi Arabia,France,0.0
1342,Saudi Arabia,Germany,0.0
1343,Saudi Arabia,Greece,0.0
1344,Saudi Arabia,Hungary,0.0
1345,Saudi Arabia,Ireland,0.0
1346,Saudi Arabia,Italy,0.0
1347,Saudi Arabia,Latvia,0.0
1348,Saudi Arabia,Lithuania,0.0
1349,Saudi Arabia,Luxembourg,0.0
1350,Saudi Arabia,Malta,0.0
1351,Saudi Arabia,Netherlands,0.0
1352,Saudi Arabia,Poland,0.0
1353,Saudi Arabia,Portugal,0.0
1354,Saudi Arabia,Romania,0.0
1355,Saudi Arabia,Slovakia,0.0
1356,Saudi Arabia,Slovenia,0.0
1357,Saudi Arabia,Spain,0.0
1358,Saudi Arabia,Sweden,0.0
1359,Saudi Arabia,United Kingdom,0.0
1360,Saudi Arabia,Iceland,0.0
1361,Saudi Arabia,Lichtenstein,0.0
1362,Saudi Arabia,Norway,0.0
1363,Saudi Arabia,China,0.0033813006212156955
1364,Saudi Arabia,India,0.0
1365,Saudi Arabia,Iraq,0.0
1366,Saudi Arabia,Pakistan,0.00011795234725171031
1367,Saudi Arabia,Russia,0.00011795234725171031
1368,Saudi Arabia,United Arab Emirates,0.001612015412440041
1369,United Arab Emirates,Austria,0.00011795234725171031
1370,United Arab Emirates,Belgium,0.00011795234725171031
1371,United Arab Emirates,Bulgaria,0.00011795234725171031
1372,United Arab Emirates,Croatia,0.00011795234725171031
1373,United Arab Emirates,Cyprus,0.00011795234725171031
1374,United Arab Emirates,Czech Republic,0.00011795234725171031
1375,United Arab Emirates,Denmark,0.00011795234725171031
1376,United Arab Emirates,Estonia,0.00011795234725171031
1377,United Arab Emirates,Finland,0.00011795234725171031
1378,United Arab Emirates,France,0.00011795234725171031
1379,United Arab Emirates,Germany,0.00011795234725171031
1380,United Arab Emirates,Greece,0.00011795234725171031
1381,United Arab Emirates,Hungary,0.00011795234725171031
1382,United Arab Emirates,Ireland,0.00011795234725171031
1383,United Arab Emirates,Italy,0.00011795234725171031
1384,United Arab Emirates,Latvia,0.00011795234725171031
1385,United Arab Emirates,Lithuania,0.00011795234725171031
1386,United Arab Emirates,Luxembourg,0.00011795234725171031
1387,United Arab Emirates,Malta,0.00011795234725171031
1388,United Arab Emirates,Netherlands,0.00011795234725171031
1389,United Arab Emirates,Poland,0.00011795234725171031
1390,United Arab Emirates,Portugal,0.00011795234725171031
1391,United Arab Emirates,Romania,0.00011795234725171031
1392,United Arab Emirates,Slovakia,0.00011795234725171031
1393,United Arab Emirates,Slovenia,0.00011795234725171031
1394,United Arab Emirates,Spain,0.00011795234725171031
1395,United Arab Emirates,Sweden,0.00011795234725171031
1396,United Arab Emirates,United Kingdom,0.00011795234725171031
1397,United Arab Emirates,Iceland,0.00011795234725171031
1398,United Arab Emirates,Lichtenstein,0.00011795234725171031
1399,United Arab Emirates,Norway,0.00011795234725171031
1400,United Arab Emirates,China,0.004560824093732798
1401,United Arab Emirates,India,0.00015726979633561374
1402,United Arab Emirates,Iraq,7.863489816780687e-05
1403,United Arab Emirates,Pakistan,0.0024769992922859165
1404,United Arab Emirates,Russia,0.000982936227097586
1405,United Arab Emirates,Saudi Arabia,0.001612015412440041
